bodyId,type,is_dopaminergic
1001453586,KCa'b'-ap1,0
1003474104,KCa'b'-ap1,0
1003474283,KCg-m,0
1003478461,KCg-m,0
1003837184,KCg-d,0
1004514584,KCg-d,0
1004514714,KCg-d,0
1004527604,KCg-m,0
1004527691,KCg-m,0
1004527700,KCg-m,0
1005179264,KCg-m,0
1005179377,KCg-d,0
1016114585,PAM11,1
1016118449,PAM11,1
1016118651,KCab-c,0
1016122913,KCab-c,0
1016123127,KCab-c,0
1016459595,KCab-m,0
1016805008,KCab-p,0
1016835041,MBON09,0
1016839809,PAM06_a,1
1017819398,KCa'b'-ap2,0
1017992752,PAM06_a,1
1018164997,KCa'b'-ap1,0
1018510191,KCa'b'-ap1,0
1019024473,PAM07,1
1019347828,PAM08_a,1
1034198388,KCab-p,0
1035557785,KCg-m,0
1035562328,KCg-m,0
1036559440,KCg-m,0
1036559490,KCg-m,0
1036563762,KCa'b'-ap1,0
1046812283,KCab-m,0
1046816660,KCab-c,0
1047153433,KCab-c,0
1047157746,KCab-m,0
1047157958,KCab-c,0
1047183897,PAM04_a,1
1047489962,PAM11,1
1047525093,PAM01_a,1
1047835635,KCa'b'-m,0
1048004460,PAM09,1
1048172314,PPL103,1
1048207713,PAM09,1
1048215779,MBON09,0
1048517845,KCa'b'-m,0
1048854479,KCa'b'-ap2,0
1049549402,KCa'b'-ap1,0
1049549412,KCa'b'-ap1,0
1050249677,PAM07,1
1050585709,PAM03,1
1051630846,PAM08_e,1
1064891781,KCab-p,0
1067598881,KCg-m,0
1068272038,KCg-m,0
1068276312,KCg-m,0
1068613227,KCg-m,0
1068613231,KCg-m,0
1068613282,KCg-m,0
1068617431,KCg-m,0
1068954342,KCg-m,0
1068954391,KCg-m,0
1068958593,KCg-m,0
1068958652,KCg-m,0
1069295816,KCg-m,0
1069295830,KCg-m,0
1077847238,PAM11,1
1077851524,KCab-c,0
1077851551,KCab-c,0
1078007730,PAM04_a,1
1078525257,KCab-m,0
1078534091,KCab-s,0
1078534115,KCab-s,0
1078572735,PAM04_a,1
1078693835,MBON09,0
1078874826,KCab-p,0
1078875017,KCab-s,0
1079215685,KCa'b'-ap2,0
1079707882,PAM04_a,1
1080566792,KCa'b'-ap2,0
1080579786,KCa'b'-ap1,0
1080579985,KCa'b'-ap1,0
1080580151,KCg-m,0
1081086613,PAM12,1
1081434698,PAM07,1
1081767446,PAM05,1
1096919756,KCg-m,0
1097265345,KCg-m,0
1100675450,KCg-m,0
1100675497,KCg-m,0
1101012503,KCg-m,0
1101353948,KCg-m,0
1108541296,KCab-m,0
1108545472,KCab-p,0
1108545599,KCab-s,0
1109223365,KCab-m,0
1109568528,KCab-s,0
1109568718,PAM11,1
1109957857,PAM01_a,1
1110298200,PAM02,1
1110307501,PAM08_b,1
1110937445,KCg-m,0
1110972158,PAM10,1
1110985490,KCg-m,0
1110997994,PAM08_b,1
1111278454,KCg-m,0
1111615136,KCa'b'-ap2,0
1111947403,KCa'b'-ap1,0
1112125413,PAM07,1
1127604950,KCg-d,0
1129323248,KCg-m,0
1130687130,KCab-s,0
1139667240,MBON13,0
1139724251,PAM06_a,1
1139921468,KCab-m,0
1139921865,KCab-m,0
1140603698,KCab-s,0
1140655376,PAM02,1
1140655624,PAM08_c,1
1140737968,PAM08_b,1
1140738351,PAM08_c,1
1140750808,PAM04_a,1
1140750938,PAM08_e,1
1140950118,KCg-m,0
1140996390,PAM04_a,1
1141000881,PAM08_b,1
1141006088,KCg-m,0
1141009503,PAM08_b,1
1141009899,KCg-m,0
1141010036,KCg-m,0
1141268794,KCg-d,0
1141290695,KCg-m,0
1141290835,KCg-m,0
1141324564,PAM08_e,1
1141328881,PAM04_a,1
1141329053,PAM04_a,1
1141329227,PAM13,1
1141337518,KCg-m,0
1141337557,PAM08_d,1
1141337605,PAM08_e,1
1141337629,KCg-m,0
1141337663,KCg-m,0
1141337757,KCg-m,0
1141342258,PAM08_a,1
1141342260,KCg-m,0
1141342299,KCg-m,0
1141346217,KCg-m,0
1141346308,KCg-m,0
1141346462,KCg-m,0
1141346472,KCg-m,0
1141350537,PAM08_b,1
1141630854,KCg-m,0
1141631198,KCg-m,0
1141631240,KCg-m,0
1141636055,KCg-m,0
1141636389,KCg-m,0
1141674495,KCg-m,0
1141678637,KCg-m,0
1141678665,PAM12,1
1141678931,KCg-m,0
1141678948,PAM08_e,1
1141682748,KCg-m,0
1141687128,PAM07,1
1141687352,KCg-m,0
1141691881,KCg-m,0
1141692008,PAM08_a,1
1141972158,KCg-m,0
1141972202,KCg-m,0
1141976953,KCg-m,0
1141977014,KCg-m,0
1141977071,KCg-m,0
1142011140,PAM07,1
1142019737,KCg-m,0
1142019868,KCg-m,0
1142019878,KCg-s4,0
1142024290,KCg-m,0
1142028710,KCg-m,0
1142356511,KCg-m,0
1142356576,PAM08_a,1
1142360528,KCg-m,0
1142365351,PAM08_a,1
1142658717,KCg-m,0
1142706421,KCg-m,0
1142994933,KCg-m,0
1143332046,KCg-m,0
1143340753,KCg-m,0
1143677310,KCg-m,0
1143686159,KCg-m,0
1161731111,KCg-m,0
1162063500,KCab-m,0
1164113870,KCg-m,0
1165465632,KCg-m,0
1169657925,KCa'b'-ap1,0
1169661785,KCa'b'-ap2,0
1169989698,PAM05,1
1169989859,PAM05,1
1169993905,PAM05,1
1169999059,KCa'b'-ap1,0
1170322501,PAM06_a,1
1170326256,KCa'b'-ap1,0
1170326295,KCa'b'-ap1,0
1170335262,KCa'b'-ap1,0
1170344185,KCa'b'-ap1,0
1170348225,PAM06_a,1
1170404875,PAM05,1
1170413425,PAM06_a,1
1170606692,KCab-s,0
1170667130,KCa'b'-ap1,0
1171280441,KCg-d,0
1171431567,PAM01_a,1
1171436073,PAM13,1
1171617407,KCg-d,0
1171621616,KCg-d,0
1171621682,KCg-d,0
1171690432,PAM02,1
1171690479,PAM05,1
1171704378,KCg-m,0
1171759765,PAM08_e,1
1171772286,PAM08_a,1
1171785552,PAM13,1
1172031461,PAM08_c,1
1172044382,KCg-m,0
1172053274,KCg-m,0
1172363878,KCg-m,0
1172372291,KCg-m,0
1172372382,KCg-m,0
1172372655,PAM02,1
1172385513,KCg-m,0
1172433712,PAM08_e,1
1172441674,PAM12,1
1172446050,PAM08_a,1
1172446164,PAM07,1
1172665846,KCg-m,0
1172670463,KCg-m,0
1172704683,KCg-m,0
1172713514,KCg-m,0
1172713521,KCg-s1,0
1172730733,KCg-m,0
1172774470,PAM15_a,1
1172796014,PAM08_a,1
1173007139,PAM14,1
1173011450,PAM13,1
1173016042,KCg-m,0
1173045815,PAM12,1
1173054679,KCg-m,0
1173063302,KCg-m,0
1173067651,KCg-m,0
1173072129,KCg-m,0
1173076392,PAM08_e,1
1173076523,PAM08_e,1
1173347968,KCa'b'-ap2,0
1173391076,KCg-m,0
1173408617,KCg-m,0
1173417505,KCg-d,0
1173732234,KCg-m,0
1173745220,KCg-m,0
1173745330,PAM08_a,1
1173745411,KCg-m,0
1173753977,PAM08_e,1
1173814525,MBON34,0
1174008477,KCg-m,0
1174077762,KCg-m,0
1174384118,KCg-m,0
1174410293,KCg-d,0
1174712037,KCg-m,0
1175070762,KCg-d,0
1191392918,KCg-d,0
1196854070,PPL101,1
1200351169,KCa'b'-ap2,0
1200351200,KCa'b'-ap2,0
1200683283,KCa'b'-ap2,0
1200687716,PAM06_a,1
1200687913,KCa'b'-ap2,0
1200700424,KCa'b'-ap2,0
1200752926,PAM06_a,1
1200753147,PAM06_b,1
1200753289,PAM06_a,1
1201028519,KCa'b'-ap1,0
1201032707,KCa'b'-ap1,0
1202060409,KCa'b'-ap1,0
1202125326,PAM01_b,1
1202397143,PAM01_b,1
1202410042,KCg-m,0
1202462198,PAM02,1
1202470836,PAM07,1
1202673723,KCa'b'-ap2,0
1202737975,KCg-m,0
1203066201,PAM02,1
1203066222,PAM04_a,1
1203066401,PAM04_a,1
1203070528,PAM01_a,1
1203420037,KCg-m,0
1203424360,KCg-m,0
1203433388,KCg-d,0
1203709763,KCa'b'-m,0
1203756972,KCg-d,0
1203769621,KCg-d,0
1203769862,KCg-d,0
1203774485,KCg-d,0
1203774508,KCg-d,0
1203779116,KCg-d,0
1203783013,KCg-d,0
1204076441,KCg-m,0
1204124270,PAM01_a,1
1204124281,KCg-d,0
1204175835,PAM07,1
1204391417,PAM13,1
1204443547,KCg-m,0
1204447548,KCg-m,0
1204547624,PAM12,1
1204775735,KCg-m,0
1204784216,KCg-m,0
1204875505,PAM12,1
1205090786,PAM12,1
1205225146,PAM12,1
1206114100,PAM12,1
1224137476,KCg-m,0
1224137495,KCg-s3,0
1231299343,PAM11,1
1231718414,KCa'b'-ap2,0
1231735257,KCa'b'-ap2,0
1232654731,KCg-m,0
1233428010,PAM01_a,1
1233436396,PAM06_b,1
1233436426,PAM03,1
1233436479,PAM15_b,1
1233492573,PAM01_b,1
1233501275,PAM13,1
1233505806,PAM02,1
1233703950,KCab-s,0
1233773217,PAM01_a,1
1234386037,MBON07,0
1234472633,KCg-d,0
1234481054,PAM01_a,1
1234731487,PAM14,1
1234800242,KCg-m,0
1234809285,KCg-d,0
1235115629,KCg-d,0
1235150293,KCg-d,0
1236073998,KCg-m,0
1236816635,KCg-m,0
1237814053,KCg-d,0
1261989183,KCab-s,0
1262744824,PAM06_b,1
1263832477,PAM03,1
1264186300,PAM01_a,1
1265157632,KCg-m,0
1265852784,KCg-d,0
1266478519,PAM12,1
1266871604,PAM01_a,1
1267164975,KCg-m,0
1267868586,KCg-d,0
1268861712,KCg-d,0
1294465669,KCa'b'-ap2,0
1295225451,PAM04_b,1
1295501882,PAM02,1
1295566429,PAM02,1
1295855722,PAM01_b,1
1297202769,KCg-m,0
1297556652,KCg-m,0
1297815807,PAM10,1
1313496027,KCa'b'-ap2,0
1326813363,PAM08_a,1
1327494939,KCab-s,0
1327831724,KCa'b'-m,0
1327831994,KCab-s,0
1328505485,KCab-p,0
1328513713,PAM10,1
1328522741,PAM10,1
1354411526,KCg-d,0
1359212271,KCab-s,0
1359553384,KCab-s,0
1387575003,KCab-p,0
1387583729,PAM03,1
1387583807,PAM03,1
1388585088,KCab-p,0
1390618359,KCab-m,0
1390942076,KCab-s,0
1392655948,KCg-t,0
1418273110,KCab-p,0
1418351262,PAM04_a,1
1419019956,PAM04_a,1
1420306364,KCab-m,0
1420651734,KCab-m,0
1420966843,KCab-s,0
1421666260,KCab-m,0
1449670372,KCab-s,0
1450011431,KCab-c,0
1451341240,KCab-c,0
1451695303,KCab-m,0
1515418525,KCa'b'-m,0
268725517,PAM09,1
294436967,PPL203,1
298595394,PAM10,1
299613480,PAM09,1
300968622,KCab-m,0
300972942,MBON14,0
301309622,KCab-c,0
301314150,KCab-c,0
301314154,KCab-c,0
301314208,KCab-c,0
301318641,KCab-c,0
328253133,PAM10,1
328533761,PPL201,1
328546871,PAM10,1
329435390,PAM10,1
331662668,KCab-m,0
331662710,PPL106,1
331662717,KCab-s,0
331999156,KCab-c,0
331999213,KCab-s,0
332003372,KCab-c,0
332003629,KCab-m,0
332003730,KCab-c,0
332003895,KCab-m,0
332003899,KCab-c,0
332007728,KCab-m,0
332008063,KCab-m,0
332008082,KCab-m,0
332340127,KCab-s,0
332340236,KCab-m,0
332344539,KCab-c,0
332344592,KCab-c,0
332344670,KCab-c,0
332344760,KCab-c,0
332344908,KCab-m,0
332349228,KCab-c,0
332349327,KCab-c,0
332353106,KCab-m,0
332353336,KCab-m,0
332353438,KCab-s,0
332353566,KCab-m,0
332685594,KCab-c,0
332685751,KCab-c,0
332685755,KCab-c,0
332689776,KCab-m,0
332690153,KCab-c,0
333030976,KCab-m,0
333031114,KCab-m,0
333035349,KCab-s,0
333039671,KCab-m,0
354775482,KCg-m,0
354779890,KCg-m,0
359586213,PAM09,1
359598627,PAM10,1
360941147,PAM09,1
362689128,KCab-s,0
362693077,KCab-m,0
362693473,KCab-m,0
362697657,KCab-s,0
362701764,KCab-s,0
362701875,KCab-s,0
362701895,KCab-m,0
362701969,KCab-s,0
363029976,KCab-m,0
363030024,KCab-m,0
363030040,KCab-s,0
363034174,KCab-m,0
363034211,KCab-m,0
363034407,KCab-m,0
363034501,KCab-c,0
363038752,KCab-c,0
363038831,KCab-m,0
363042781,KCab-m,0
363047222,KCab-s,0
363370708,KCab-c,0
363370913,KCab-m,0
363371001,KCab-m,0
363375247,KCab-c,0
363375408,KCab-c,0
363375475,KCab-c,0
363379387,KCab-c,0
363384083,KCab-m,0
363384090,KCab-m,0
363384138,KCab-m,0
363387921,KCab-m,0
363716151,KCab-c,0
363716303,KCab-m,0
363716362,KCab-m,0
363724985,KCab-c,0
363724996,KCab-c,0
363725096,KCab-c,0
363725201,KCab-m,0
363725228,KCab-m,0
363729312,KCab-m,0
363729314,KCab-m,0
363733406,KCab-s,0
364061776,KCab-m,0
364066029,KCab-c,0
364070309,KCab-c,0
364070517,KCab-m,0
364407023,KCab-m,0
364411143,KCab-s,0
385132611,KCg-m,0
385158577,KCg-m,0
393383025,KCab-s,0
393387426,KCab-s,0
393736822,KCab-m,0
393766777,PPL101,1
394060556,KCab-s,0
394060620,KCab-s,0
394064790,KCab-m,0
394069210,KCab-m,0
394073547,KCab-m,0
394077610,KCab-m,0
394081878,KCab-s,0
394397189,KCab-s,0
394401778,KCab-m,0
394414724,KCab-m,0
394414783,KCab-m,0
394418743,KCab-m,0
394427392,KCab-s,0
394755376,KCab-m,0
394755632,KCab-c,0
394755645,KCab-c,0
394755742,KCab-c,0
394755782,KCab-c,0
394759626,KCab-c,0
394759837,KCab-m,0
394764082,KCab-m,0
394768379,KCab-s,0
395105113,KCab-m,0
415494049,KCg-m,0
415511327,KCg-m,0
415835070,KCg-m,0
415835178,KCg-m,0
415848195,KCg-m,0
415848228,KCg-m,0
415852518,KCg-m,0
415908516,KCg-m,0
416189410,KCg-m,0
416189500,KCg-m,0
416508862,KCg-m,0
416837168,KCg-m,0
422682603,PAM04_a,1
422725634,MBON06,0
423382015,MBON23,0
423774471,MBON19,0
424754530,KCab-s,0
424767514,MBON11,0
424789697,MBON02,0
425086839,KCab-p,0
425086851,KCab-p,0
425104113,KCab-m,0
425104216,KCab-m,0
425112506,KCab-s,0
425276848,DPM,0
425431837,KCab-s,0
425436170,KCab-m,0
425445301,KCab-c,0
425768768,KCab-s,0
425768822,KCab-s,0
425790257,APL,0
426139965,KCab-s,0
426464004,KCab-s,0
426477089,KCab-s,0
426818061,KCab-p,0
446533552,KCg-m,0
446826981,KCg-m,0
446848967,KCg-m,0
446883390,KCg-m,0
447219992,KCg-m,0
447224575,KCg-m,0
453380528,PAM04_b,1
454252960,PAM10,1
455159380,PAM01_b,1
455431209,PAM10,1
455793621,KCab-s,0
455793743,KCab-s,0
455793827,KCab-s,0
456121649,KCab-s,0
456134692,KCab-s,0
456174330,PAM01_b,1
456458549,KCab-s,0
456462835,KCab-p,0
456462919,KCab-p,0
456467162,KCab-p,0
456808311,KCab-s,0
456820863,KCab-m,0
456846996,PAM11,1
457175171,MBON15-like,0
457196444,MBON18,0
457196643,MBON28,0
457507485,KCab-s,0
476545134,KCab-m,0
477262101,KCab-c,0
477572961,KCa'b'-ap2,0
477861840,KCab-p,0
477900945,KCg-m,0
477900959,KCg-m,0
477909602,KCg-m,0
477909679,KCg-m,0
477909698,KCg-m,0
478250407,KCg-m,0
478250482,KCg-m,0
478660968,KCg-m,0
482762280,PAM11,1
484735678,PAM04_a,1
486815976,KCa'b'-ap2,0
486837442,KCa'b'-m,0
487143497,MBON24,0
487160828,KCa'b'-m,0
487489028,KCa'b'-ap2,0
487489064,KCa'b'-ap2,0
487493197,KCa'b'-ap2,0
487501700,KCab-s,0
487834111,KCa'b'-ap1,0
487834131,KCa'b'-ap1,0
487834179,KCa'b'-ap1,0
487847296,KCab-s,0
487899562,PAM01_a,1
487925037,MBON03,0
487925063,MBON04,0
488179585,KCab-s,0
488179878,KCa'b'-ap1,0
488184014,KCab-s,0
488188560,KCab-s,0
488205572,KCab-s,0
488520820,KCab-p,0
488533722,KCab-s,0
488559952,PAM01_a,1
507243409,KCab-c,0
507260559,KCab-m,0
507592981,KCab-m,0
508292573,KCab-c,0
508599181,KCg-m,0
508599194,KCg-m,0
508599211,KCg-m,0
508599271,KCg-m,0
508599276,KCg-m,0
508616471,KCg-m,0
508918609,KCa'b'-m,0
508935964,KCg-m,0
508939879,KCg-m,0
508939914,KCg-m,0
508940291,KCg-m,0
508949033,KCg-m,0
509013752,KCg-m,0
509264220,KCg-m,0
509695478,KCg-m,0
509700197,KCg-m,0
512765910,PAM11,1
513451621,PAM11,1
517207902,PAM05,1
517510393,KCa'b'-ap2,0
517514142,PPL104,1
517518166,MBON11,0
517847127,KCa'b'-ap2,0
517850316,KCa'b'-ap2,0
517854468,MBON19,0
517858947,KCab-p,0
517871837,KCa'b'-m,0
518187118,KCa'b'-ap2,0
518191547,KCa'b'-ap2,0
518195738,KCab-p,0
518212987,KCa'b'-m,0
518528152,KCa'b'-ap2,0
518532490,KCa'b'-m,0
518864844,KCa'b'-ap1,0
518864924,KCa'b'-ap1,0
518869381,KCa'b'-ap1,0
518869459,KCa'b'-ap1,0
518873469,KCab-s,0
518873604,KCab-s,0
518882016,KCab-s,0
518930199,MBON35,0
519206240,KCa'b'-ap1,0
519210172,KCa'b'-ap1,0
519214622,KCa'b'-ap1,0
519214895,KCa'b'-ap1,0
519218919,KCab-s,0
519223027,KCab-s,0
519223428,KCab-m,0
519232054,KCab-s,0
519555690,KCab-p,0
519564501,KCab-s,0
519573099,KCab-s,0
519573128,KCab-p,0
519900699,KCab-s,0
519905418,KCab-s,0
537945877,KCab-c,0
538282782,KCab-m,0
538308362,KCab-m,0
538602138,KCg-m,0
538653955,KCab-c,0
538908474,KCab-m,0
538951958,KCg-m,0
539249493,KCab-m,0
539949478,KCg-m,0
539949536,KCg-m,0
539975118,KCg-m,0
539983731,KCg-m,0
540389646,KCg-m,0
540389734,KCg-m,0
540730639,KCg-m,0
540730657,KCg-m,0
540730738,KCg-m,0
542039038,PPL204,1
542371432,KCab-p,0
547552266,MBON33,0
548549000,KCa'b'-m,0
548549395,KCa'b'-m,0
548552875,KCa'b'-m,0
548552915,KCa'b'-m,0
548553386,KCa'b'-m,0
548553494,KCa'b'-m,0
548885313,KCa'b'-ap2,0
548885407,KCa'b'-ap2,0
548889938,KCa'b'-m,0
548894251,KCa'b'-m,0
548898403,KCa'b'-m,0
548898520,KCa'b'-m,0
549222167,KCa'b'-ap2,0
549226277,KCa'b'-ap2,0
549230949,KCa'b'-ap2,0
549248200,KCab-p,0
549567614,KCa'b'-ap2,0
549571627,KCab-p,0
549572017,KCab-m,0
549576117,KCab-m,0
549576424,KCab-m,0
549610772,PAM05,1
549899821,KCa'b'-ap1,0
549904227,KCa'b'-ap1,0
549904387,KCa'b'-ap1,0
549908737,KCa'b'-ap2,0
549916869,KCab-m,0
549917317,KCab-m,0
549955973,PAM01_a,1
550245056,KCa'b'-ap1,0
550271272,KCab-s,0
550408954,PAM01_a,1
550598935,KCab-s,0
550599514,KCab-s,0
551113395,PAM10,1
551445253,PAM04_a,1
551790504,PAM04_a,1
551790913,PAM04_a,1
568635279,KCab-m,0
569002579,KCab-m,0
569313277,KCab-m,0
569317846,KCab-m,0
569334986,KCab-c,0
569615641,KCab-s,0
569650323,KCg-m,0
569943419,KCab-m,0
569999973,KCg-m,0
570288900,KCab-m,0
570314896,KCa'b'-m,0
570327880,KCg-m,0
570336412,KCg-m,0
570336487,KCg-m,0
570643102,KCg-m,0
570643109,KCg-m,0
570643135,KCg-m,0
570643193,KCg-m,0
570647526,KCg-m,0
570742510,KCg-m,0
570742527,KCg-m,0
570742599,KCg-m,0
570997147,KCg-m,0
571424323,KCg-m,0
571424636,KCg-m,0
571424650,KCg-m,0
571424748,KCg-m,0
571778381,KCg-m,0
571778433,KCg-m,0
573065577,KCab-p,0
578694777,PAM11,1
579583329,KCa'b'-m,0
579587796,KCa'b'-m,0
579592279,KCa'b'-m,0
579592619,KCa'b'-m,0
579916831,MBON15-like,0
579924731,KCa'b'-m,0
579928928,KCa'b'-m,0
580317662,PAM08_c,1
580598373,KCa'b'-ap2,0
580610916,KCab-m,0
580611301,KCab-m,0
580934661,KCa'b'-ap1,0
580947602,KCa'b'-ap1,0
580951922,KCab-m,0
581293182,KCab-m,0
5812978878,KCg-d,0
5812979015,KCg-m,0
5812979016,KCg-m,0
5812979069,KCg-m,0
5812979119,KCg-d,0
5812979121,KCg-t,0
5812979128,KCg-m,0
5812979133,KCg-m,0
5812979156,PAM15_b,1
5812979168,PAM06_b,1
5812979170,PAM01_a,1
5812979172,PAM01_b,1
5812979175,KCg-m,0
5812979176,KCg-m,0
5812979177,KCg-m,0
5812979187,KCg-m,0
5812979188,KCg-m,0
5812979191,KCg-m,0
5812979196,KCg-d,0
5812979197,KCg-m,0
5812979271,PAM06_a,1
5812979314,KCg-d,0
5812979326,KCg-m,0
5812979371,KCg-m,0
5812979408,KCg-m,0
5812979502,PAM01_a,1
5812979531,KCg-d,0
5812979532,KCg-d,0
5812979558,PAM01_b,1
5812979560,PAM01_a,1
5812979667,KCg-d,0
5812980179,KCab-s,0
5812980192,KCab-m,0
5812980207,KCab-m,0
5812980209,KCab-m,0
5812980212,KCab-m,0
5812980219,KCab-m,0
5812980220,KCab-c,0
5812980222,KCab-m,0
5812980351,KCab-s,0
5812980369,KCab-m,0
5812980370,KCab-c,0
5812980376,KCab-m,0
5812980378,KCab-s,0
5812980379,KCab-c,0
5812980386,KCg-m,0
5812980395,KCab-m,0
5812980397,KCab-s,0
5812980398,KCab-s,0
5812980404,KCab-s,0
5812980408,KCab-s,0
5812980410,KCab-m,0
5812980414,KCab-m,0
5812980425,KCab-s,0
5812980426,KCab-s,0
5812980428,KCab-s,0
5812980432,KCab-c,0
5812980438,KCab-m,0
5812980444,KCab-s,0
5812980446,KCab-m,0
5812980448,KCab-c,0
5812980537,KCg-m,0
5812980555,KCab-s,0
5812980557,KCab-m,0
5812980561,KCab-m,0
5812980566,KCab-p,0
5812980567,PAM09,1
5812980569,KCab-c,0
5812980579,KCg-m,0
5812980580,KCg-m,0
5812980588,KCg-m,0
5812980590,KCab-c,0
5812980593,KCab-m,0
5812980594,KCab-c,0
5812980597,KCab-c,0
5812980599,KCab-m,0
5812980600,KCab-c,0
5812980611,KCab-s,0
5812980615,KCab-m,0
5812980618,KCab-s,0
5812980624,KCab-m,0
5812980638,KCg-m,0
5812980768,KCab-s,0
5812980787,KCab-m,0
5812980792,KCab-p,0
5812980796,KCg-m,0
5812980799,KCab-c,0
5812980802,KCab-c,0
5812980803,KCab-c,0
5812980806,KCab-m,0
5812980811,KCab-s,0
5812980813,KCg-m,0
5812980892,KCab-m,0
5812980931,KCab-s,0
5812980934,KCg-m,0
5812980938,KCab-p,0
5812980940,KCab-p,0
5812980944,KCab-s,0
5812980947,KCab-m,0
5812980965,KCab-c,0
5812980973,KCg-m,0
5812980992,KCg-m,0
5812981038,KCg-m,0
5812981039,KCab-m,0
5812981042,KCab-m,0
5812981046,KCg-t,0
5812981068,KCa'b'-ap2,0
5812981071,KCa'b'-m,0
5812981072,KCa'b'-m,0
5812981086,KCab-s,0
5812981104,KCab-m,0
5812981106,KCab-s,0
5812981109,KCab-c,0
5812981127,KCab-m,0
5812981136,KCab-s,0
5812981141,KCg-m,0
5812981142,KCg-m,0
5812981148,KCg-m,0
5812981153,KCg-m,0
5812981154,KCg-m,0
5812981160,KCg-m,0
5812981164,KCa'b'-ap1,0
5812981227,KCg-m,0
5812981264,MBON17,0
5812981270,KCa'b'-ap2,0
5812981274,KCa'b'-ap2,0
5812981275,KCa'b'-ap2,0
5812981277,KCa'b'-ap2,0
5812981279,KCa'b'-ap2,0
5812981290,KCa'b'-ap2,0
5812981308,KCa'b'-m,0
5812981318,KCa'b'-ap2,0
5812981320,KCa'b'-ap2,0
5812981322,KCa'b'-ap2,0
5812981327,KCa'b'-ap2,0
5812981332,KCa'b'-ap1,0
5812981333,KCa'b'-ap2,0
5812981339,KCa'b'-ap1,0
5812981340,KCa'b'-ap1,0
5812981341,KCa'b'-ap1,0
5812981348,KCa'b'-ap1,0
5812981361,KCa'b'-ap2,0
5812981373,KCa'b'-ap2,0
5812981379,KCab-s,0
5812981381,PPL102,1
5812981390,KCab-m,0
5812981399,KCa'b'-m,0
5812981400,KCa'b'-m,0
5812981401,KCa'b'-m,0
5812981432,KCg-m,0
5812981441,KCg-m,0
5812981467,KCg-m,0
5812981543,MBON17-like,0
5812981553,KCa'b'-m,0
5812981563,KCa'b'-ap2,0
5812981564,KCa'b'-m,0
5812981569,KCa'b'-m,0
5812981570,KCa'b'-m,0
5812981578,KCa'b'-m,0
5812981581,KCa'b'-ap2,0
5812981582,KCa'b'-ap2,0
5812981586,KCa'b'-ap2,0
5812981590,KCa'b'-m,0
5812981602,KCa'b'-ap2,0
5812981607,KCab-s,0
5812981616,KCg-m,0
5812981618,KCab-s,0
5812981619,KCab-m,0
5812981641,PAM08_d,1
5812981643,KCab-p,0
5812981654,KCab-c,0
5812981667,KCab-m,0
5812981669,KCab-m,0
5812981670,KCab-s,0
5812981671,KCab-m,0
5812981673,KCab-s,0
5812981676,KCab-s,0
5812981679,KCab-s,0
5812981680,KCab-p,0
5812981689,KCa'b'-m,0
5812981690,KCab-m,0
5812981702,KCg-m,0
5812981703,KCg-m,0
5812981704,KCg-m,0
5812981706,KCg-m,0
5812981717,KCg-m,0
5812981791,PPL108,1
5812981796,KCa'b'-m,0
5812981797,KCa'b'-m,0
5812981800,KCa'b'-m,0
5812981816,KCa'b'-m,0
5812981853,KCab-m,0
5812981858,KCa'b'-ap1,0
5812981895,PAM12,1
5812981924,KCg-m,0
5812981932,KCg-m,0
5812981943,KCab-s,0
5812981944,KCab-s,0
5812981950,KCab-m,0
5812981951,KCg-m,0
5812981960,KCa'b'-m,0
5812981961,KCa'b'-ap2,0
5812981965,KCab-c,0
5812981970,KCab-c,0
5812981971,KCab-s,0
5812981978,KCa'b'-m,0
5812981986,KCg-m,0
5812981989,KCg-t,0
5812981990,KCg-m,0
5812982000,KCg-m,0
5812982012,KCab-m,0
5812982017,KCg-m,0
5812982020,KCg-d,0
5812982086,KCa'b'-m,0
5812982087,KCa'b'-m,0
5812982088,KCa'b'-m,0
5812982091,PAM06_b,1
5812982118,PAM06_a,1
5812982120,PAM05,1
5812982145,KCa'b'-m,0
5812982149,KCa'b'-m,0
5812982154,KCg-m,0
5812982162,KCab-m,0
5812982168,KCg-m,0
5812982177,KCab-m,0
5812982192,KCab-m,0
5812982204,KCab-c,0
5812982205,KCg-m,0
5812982211,KCab-m,0
5812982216,KCg-m,0
5812982220,KCg-m,0
5812982252,KCg-m,0
5812982273,KCg-m,0
5812982316,KCab-m,0
5812982328,KCg-m,0
5812982329,KCa'b'-m,0
5812982350,KCa'b'-ap1,0
5812982371,KCg-m,0
5812982372,KCab-m,0
5812982374,KCab-s,0
5812982388,KCab-m,0
5812982389,KCab-m,0
5812982390,KCab-m,0
5812982397,KCa'b'-m,0
5812982403,KCg-m,0
5812982420,KCg-m,0
5812982421,KCg-m,0
5812982422,KCg-m,0
5812982426,KCab-m,0
5812982429,KCa'b'-m,0
5812982436,KCg-m,0
5812982437,KCg-m,0
5812982442,KCg-m,0
5812982466,KCab-s,0
5812982470,KCab-m,0
5812982471,KCab-s,0
5812982490,KCab-s,0
5812982492,KCg-m,0
5812982505,KCg-m,0
5812982506,KCg-m,0
5812982514,KCab-s,0
5812982520,KCab-c,0
5812982521,KCab-c,0
5812982529,KCg-m,0
5812982530,KCg-m,0
5812982532,KCg-m,0
5812982547,KCg-t,0
5812982556,KCg-d,0
5812982562,KCg-m,0
5812982577,KCg-m,0
5812982578,KCg-m,0
5812982579,KCa'b'-ap1,0
5812982589,KCg-m,0
5812982594,KCg-m,0
5812982602,KCg-m,0
5812982610,KCg-m,0
5812982620,KCg-m,0
5812982657,KCg-d,0
5812982692,KCa'b'-m,0
5812982694,KCa'b'-m,0
5812982706,KCa'b'-m,0
5812982725,KCa'b'-m,0
5812982727,PAM02,1
5812982760,KCab-c,0
5812982761,KCab-m,0
5812982766,KCg-m,0
5812982779,PAM01_b,1
5812982780,KCab-p,0
5812982782,KCab-p,0
5812982802,KCab-s,0
5812982803,KCg-m,0
5812982823,KCa'b'-ap1,0
5812982825,KCg-m,0
5812982826,KCg-d,0
5812982832,KCg-m,0
5812982837,KCg-m,0
5812982871,KCg-m,0
5812982872,KCg-m,0
5812982874,KCg-t,0
5812982875,KCg-m,0
5812982876,KCg-m,0
5812982877,KCg-d,0
5812982925,KCa'b'-ap2,0
5812982999,KCg-m,0
5812983003,KCg-m,0
5812983006,KCab-c,0
5812983009,KCg-m,0
5812983012,KCab-s,0
5812983023,KCab-m,0
5812983028,KCab-m,0
5812983038,KCab-m,0
5812983042,KCg-m,0
5812983043,KCg-m,0
5812983101,KCg-m,0
5812983106,KCab-m,0
5812983107,KCab-m,0
5812983112,KCa'b'-m,0
5812983114,KCab-s,0
5812983131,KCab-m,0
5812983133,KCab-c,0
5812983134,KCg-d,0
5812983147,KCg-m,0
5812983152,KCg-m,0
5812983166,KCab-c,0
5812983174,KCa'b'-m,0
5812983192,KCg-m,0
5812983199,KCg-d,0
5812983200,KCg-m,0
5812983206,KCab-m,0
5812983213,KCab-s,0
5812983268,KCab-s,0
5812983272,KCab-m,0
5812983298,KCab-c,0
5812983302,KCab-c,0
5812983303,KCab-s,0
5812983309,KCab-c,0
5812983310,KCg-m,0
5812983319,KCab-c,0
5812983321,KCg-m,0
5812983322,KCg-m,0
5812983323,KCg-m,0
5812983328,KCab-c,0
5812983330,KCg-m,0
5812983337,KCg-m,0
5812983345,KCab-m,0
5812983346,KCab-m,0
5812983399,PAM05,1
5812983418,PAM04_a,1
5812983423,KCab-m,0
5812983427,KCab-c,0
5812983438,KCg-d,0
5812983451,KCa'b'-ap2,0
5812983454,KCab-s,0
5812983455,KCab-m,0
5812983522,PAM07,1
5812983533,PAM11,1
5812983544,KCa'b'-ap2,0
5812983569,KCa'b'-ap2,0
5812983571,KCa'b'-ap1,0
5812983575,KCab-c,0
5812983576,KCab-c,0
5812983578,KCab-c,0
5812983579,KCab-c,0
5812983608,KCab-c,0
5812983645,KCa'b'-ap1,0
5812983646,KCa'b'-ap1,0
5812983657,KCg-m,0
5812983658,KCg-m,0
5812983673,KCg-m,0
5812983745,KCab-c,0
5812983827,PAM08_a,1
5812983837,KCab-p,0
5812983851,KCab-m,0
5812983861,KCab-m,0
5812983866,KCa'b'-m,0
5812983869,KCa'b'-ap2,0
5812983871,KCa'b'-ap2,0
5812983898,KCa'b'-ap2,0
5812983899,KCa'b'-ap2,0
5812983903,KCa'b'-ap1,0
5812984045,KCa'b'-ap2,0
5812987762,KCg-m,0
5812989173,KCg-m,0
5812989588,PAM03,1
5813010617,KCab-p,0
5813011555,KCab-m,0
5813019513,PPL105,1
5813019607,PPL106,1
5813019609,KCab-s,0
5813019763,KCab-s,0
5813019770,KCab-c,0
5813019772,KCab-c,0
5813019774,KCab-c,0
5813019779,KCg-m,0
5813019801,KCg-m,0
5813019917,KCg-m,0
5813019976,PPL104,1
5813019982,KCg-m,0
5813020041,KCa'b'-ap1,0
5813020046,KCa'b'-ap2,0
5813020047,KCa'b'-ap2,0
5813020052,KCa'b'-ap2,0
5813020057,KCa'b'-ap2,0
5813020061,KCa'b'-ap1,0
5813020089,KCg-m,0
5813020132,KCg-m,0
5813020271,KCa'b'-ap2,0
5813020274,KCab-m,0
5813020288,PAM08_b,1
5813020424,PAM12,1
5813020828,MBON18,0
5813020830,KCab-m,0
5813020831,KCab-s,0
5813021016,KCab-c,0
5813021017,KCab-c,0
5813021019,KCab-m,0
5813021023,KCab-c,0
5813021033,KCab-p,0
5813021135,KCab-c,0
5813021174,KCa'b'-m,0
5813021251,KCab-s,0
5813021261,PAM11,1
5813021263,KCab-s,0
5813021273,KCg-m,0
5813021275,KCg-m,0
5813021277,KCab-m,0
5813021289,KCg-m,0
5813021292,KCab-c,0
5813021294,KCg-m,0
5813021296,KCg-m,0
5813021301,KCab-s,0
5813021303,KCab-s,0
5813021304,KCab-s,0
5813021311,KCab-m,0
5813021312,KCab-m,0
5813021313,KCab-m,0
5813021314,KCab-m,0
5813021315,KCab-m,0
5813021316,KCab-c,0
5813021319,KCab-m,0
5813021326,KCab-m,0
5813021332,KCg-m,0
5813021341,KCg-m,0
5813021363,KCg-m,0
5813021379,KCg-m,0
5813021380,KCg-m,0
5813021382,KCg-m,0
5813021386,KCab-s,0
5813021397,KCab-c,0
5813021399,KCab-s,0
5813021400,KCab-m,0
5813021401,KCab-s,0
5813021404,KCab-m,0
5813021411,KCab-c,0
5813021415,KCg-m,0
5813021441,KCab-m,0
5813021446,KCab-c,0
5813021447,KCab-c,0
5813021449,KCab-m,0
5813021452,KCg-m,0
5813021463,KCab-m,0
5813021464,KCab-s,0
5813021465,KCab-m,0
5813021469,KCg-m,0
5813021471,KCab-c,0
5813021642,KCa'b'-m,0
5813021645,KCa'b'-m,0
5813021647,KCab-m,0
5813021659,KCg-m,0
5813021736,KCa'b'-ap2,0
5813021748,KCa'b'-ap2,0
5813021766,KCa'b'-ap2,0
5813021772,KCa'b'-m,0
5813021778,KCa'b'-m,0
5813021779,KCa'b'-ap2,0
5813021781,KCa'b'-ap2,0
5813021786,KCa'b'-m,0
5813021788,KCab-p,0
5813021792,KCa'b'-m,0
5813021799,KCa'b'-ap2,0
5813021805,KCa'b'-ap1,0
5813021806,KCa'b'-ap2,0
5813021808,KCa'b'-ap1,0
5813021809,KCa'b'-ap1,0
5813021812,KCa'b'-ap1,0
5813021822,KCa'b'-ap1,0
5813021832,KCa'b'-m,0
5813021844,PAM08_c,1
5813021848,KCa'b'-ap2,0
5813021856,KCa'b'-ap1,0
5813021865,KCg-m,0
5813021989,KCab-c,0
5813021999,KCab-c,0
5813022037,KCa'b'-ap1,0
5813022042,KCab-c,0
5813022049,KCab-m,0
5813022050,KCab-c,0
5813022054,KCab-m,0
5813022060,KCg-m,0
5813022076,PAM12,1
5813022117,KCa'b'-ap2,0
5813022119,KCg-m,0
5813022133,KCg-m,0
5813022175,KCab-m,0
5813022201,PAM06_a,1
5813022203,KCg-m,0
5813022207,KCg-m,0
5813022210,KCg-m,0
5813022212,KCab-s,0
5813022232,KCg-d,0
5813022234,MBON30,0
5813022239,KCg-d,0
5813022267,KCg-d,0
5813022341,MBON02,0
5813022352,KCg-m,0
5813022404,PAM01_b,1
5813022424,PPL103,1
5813022896,MBON21,0
5813027400,KCg-m,0
5813027460,KCg-m,0
5813027518,PAM15_b,1
5813027584,KCab-m,0
5813027704,KCg-m,0
5813027747,KCab-c,0
5813032245,KCab-c,0
5813032541,KCg-m,0
5813032552,KCg-m,0
5813032554,KCg-d,0
5813032694,KCab-m,0
5813032702,KCab-c,0
5813032734,KCab-m,0
5813032759,KCab-m,0
5813032771,KCg-s2,0
5813032782,KCg-m,0
5813032811,KCa'b'-m,0
5813032813,PAM13,1
5813032868,KCa'b'-ap2,0
5813032874,KCa'b'-ap2,0
5813032876,KCa'b'-ap1,0
5813032887,KCa'b'-ap1,0
5813032896,KCa'b'-ap2,0
5813032900,KCa'b'-ap2,0
5813032943,KCab-p,0
5813032946,KCab-c,0
5813032967,KCg-m,0
5813032997,PAM02,1
5813033000,MBON34,0
5813033009,KCab-s,0
5813033012,KCg-m,0
5813033059,KCg-m,0
5813033065,KCg-m,0
5813033086,KCg-d,0
5813033125,KCg-d,0
5813033127,KCa'b'-ap2,0
5813033144,KCg-m,0
5813033208,KCa'b'-ap2,0
5813033215,PAM01_a,1
5813033226,KCg-m,0
5813033259,KCab-c,0
5813033267,KCab-m,0
5813033277,KCab-m,0
5813035267,KCa'b'-ap1,0
5813035558,KCab-s,0
5813035612,KCg-m,0
5813035613,KCa'b'-ap1,0
5813035700,KCg-d,0
5813040171,KCg-m,0
5813040205,MBON30,0
5813040941,PAM02,1
5813041206,KCg-m,0
5813042616,KCab-m,0
5813042659,MBON22,0
5813047220,KCa'b'-m,0
5813047221,KCa'b'-m,0
5813047662,KCg-m,0
5813047676,KCa'b'-ap2,0
5813047784,PAM05,1
5813047790,KCa'b'-ap1,0
5813048214,PAM06_b,1
5813049834,KCa'b'-ap1,0
5813050765,KCa'b'-ap2,0
5813050818,KCab-m,0
5813050820,KCab-m,0
5813052909,MBON29,0
5813053821,KCg-m,0
5813053878,KCg-m,0
5813053885,KCg-m,0
5813053886,KCg-m,0
5813053888,KCg-m,0
5813053935,KCg-m,0
5813053937,KCg-m,0
5813054085,KCg-m,0
5813054086,KCg-m,0
5813054342,KCab-s,0
5813054343,KCab-s,0
5813054643,KCab-m,0
5813055889,KCab-s,0
5813055914,KCab-s,0
5813055916,KCab-c,0
5813055923,KCg-m,0
5813055924,KCg-m,0
5813056110,KCab-m,0
5813056120,KCg-m,0
5813056121,KCg-m,0
5813056183,KCg-d,0
5813056234,KCab-m,0
5813056299,KCa'b'-m,0
5813056300,KCa'b'-ap2,0
5813056305,KCa'b'-m,0
5813056307,KCa'b'-m,0
5813056309,KCg-m,0
5813056311,KCg-m,0
5813056313,KCa'b'-ap2,0
5813056327,KCa'b'-m,0
5813056355,KCab-s,0
5813056372,KCa'b'-m,0
5813056383,KCg-m,0
5813056390,KCa'b'-ap2,0
5813056395,KCab-m,0
5813056414,KCg-m,0
5813057187,KCab-s,0
5813057191,KCg-m,0
5813057210,KCg-m,0
5813057213,KCab-m,0
5813057227,KCa'b'-m,0
5813057239,KCa'b'-m,0
5813057468,KCg-m,0
5813057573,KCab-c,0
5813057867,KCa'b'-ap1,0
5813057869,KCg-m,0
5813057942,KCa'b'-m,0
5813057947,PAM08_a,1
5813057956,KCg-m,0
5813057959,KCg-d,0
5813058048,MBON29,0
5813058050,PPL102,1
5813058069,KCab-m,0
5813058106,KCab-m,0
5813058163,KCa'b'-ap2,0
5813058215,KCa'b'-ap2,0
5813059951,KCa'b'-ap2,0
5813060614,KCab-s,0
5813060643,KCab-p,0
5813060663,KCg-m,0
5813060774,KCa'b'-ap2,0
5813060776,KCa'b'-ap2,0
5813060798,KCg-m,0
5813060799,KCg-m,0
5813060811,KCg-m,0
5813060812,KCg-m,0
5813060817,PAM12,1
5813061044,KCab-c,0
5813061212,PAM08_e,1
5813061560,PAM08_a,1
5813061597,KCa'b'-ap1,0
5813061625,KCab-m,0
5813061879,PAM14,1
5813061888,KCg-d,0
5813062565,KCa'b'-ap1,0
5813062617,KCg-m,0
5813062631,KCg-m,0
5813062637,KCg-m,0
5813062645,KCg-m,0
5813062830,KCab-c,0
5813062842,KCa'b'-m,0
5813062850,KCab-s,0
5813062862,KCg-m,0
5813063140,KCa'b'-m,0
5813063224,KCa'b'-ap2,0
5813063229,KCab-s,0
5813063280,PAM06_a,1
5813063449,KCab-c,0
5813063527,KCa'b'-m,0
5813064427,KCa'b'-ap1,0
5813064793,KCg-m,0
5813065308,KCab-m,0
5813065443,KCab-s,0
5813067736,KCab-m,0
5813067761,KCab-m,0
5813067765,KCg-m,0
5813067779,KCab-s,0
5813067792,KCg-m,0
5813067793,KCg-m,0
5813067795,KCg-m,0
5813067817,KCg-m,0
5813067826,KCg-d,0
5813067833,KCg-m,0
5813067836,KCab-m,0
5813067858,KCa'b'-ap2,0
5813067869,KCab-m,0
5813068687,KCa'b'-m,0
5813068690,KCa'b'-m,0
5813068692,KCa'b'-ap2,0
5813068729,MBON14,0
5813068743,KCab-s,0
5813068752,KCa'b'-m,0
5813068969,KCg-m,0
5813068984,KCa'b'-ap1,0
5813069096,KCg-m,0
5813069114,KCab-s,0
5813069379,KCa'b'-ap2,0
5813069385,KCa'b'-m,0
5813069792,KCg-m,0
5813069965,PAM05,1
5813069977,PAM08_c,1
5813070270,KCg-d,0
5813070581,KCg-m,0
5813070672,KCg-m,0
5813071348,PPL202,1
5813071406,KCab-m,0
5813075824,PAM09,1
5813075855,KCg-m,0
5813077572,KCg-m,0
5813077575,KCg-d,0
5813077579,KCa'b'-ap2,0
5813077582,KCa'b'-ap2,0
5813077583,KCa'b'-ap2,0
5813077589,KCab-p,0
5813077607,KCg-d,0
5813077610,KCg-m,0
5813077611,KCg-m,0
5813077613,KCg-m,0
5813077616,KCab-s,0
5813078053,KCab-s,0
5813078064,KCa'b'-m,0
5813078179,KCa'b'-ap2,0
5813078323,KCa'b'-ap1,0
5813078499,KCa'b'-m,0
5813078507,KCab-s,0
5813078552,KCab-s,0
5813078679,KCa'b'-ap1,0
5813078684,KCg-d,0
5813079050,KCg-m,0
5813079174,KCab-m,0
5813079489,KCg-m,0
5813080254,KCab-m,0
5813080343,KCab-m,0
5813080766,KCg-m,0
5813081174,KCg-m,0
5813081175,KCg-d,0
5813081176,KCg-d,0
5813081511,KCab-c,0
5813081797,KCab-s,0
5813082175,PAM12,1
5813082811,KCab-s,0
5813082847,KCab-c,0
5813083651,KCg-d,0
5813083719,KCab-m,0
5813083990,KCg-m,0
5813084505,KCa'b'-ap1,0
5813084692,KCg-m,0
5813085240,KCa'b'-ap2,0
5813086212,KCab-c,0
5813087453,KCab-m,0
5813087798,KCg-m,0
5813087817,PAM12,1
5813087831,KCab-c,0
5813088058,KCab-s,0
5813088767,KCab-s,0
5813089804,KCab-m,0
5813090605,KCab-m,0
5813090861,KCab-m,0
5813090947,PAM06_a,1
5813090997,KCg-d,0
5813091021,KCa'b'-ap1,0
5813091211,KCab-s,0
5813091313,KCab-m,0
5813091420,PAM05,1
5813091744,KCab-p,0
5813091758,PAM06_a,1
5813092931,KCab-p,0
5813093014,KCg-m,0
5813093111,KCa'b'-ap2,0
5813093171,PAM04_a,1
5813093544,KCab-m,0
5813093847,KCg-d,0
5813094364,KCg-m,0
5813094743,KCg-m,0
5813095018,KCa'b'-ap2,0
5813095238,KCab-m,0
5813095472,KCa'b'-m,0
5813095523,KCg-m,0
5813095915,KCg-m,0
5813096260,KCa'b'-ap2,0
5813096281,KCab-c,0
5813096528,KCg-d,0
5813096699,PAM15_a,1
5813098738,KCab-s,0
5813098776,PAM02,1
5813099399,KCg-m,0
5813099783,KCab-m,0
5813100896,PAM12,1
5813101387,KCg-m,0
5813102642,KCg-m,0
5813104095,KCg-m,0
5813104096,KCg-m,0
5813105172,DPM,0
5813106192,KCab-m,0
5813106497,KCab-m,0
5813109913,KCab-s,0
5813109941,PAM07,1
5813110152,KCab-s,0
5813110238,KCab-s,0
5813110459,KCa'b'-ap1,0
5813110639,KCg-m,0
5813110928,KCab-s,0
5813111042,KCa'b'-ap1,0
5813112511,KCa'b'-ap1,0
5813113782,KCab-m,0
5813114253,KCab-m,0
5813114700,KCab-p,0
5813114971,KCab-p,0
5813117385,MBON27,0
5813124740,PAM07,1
5813127030,PAM06_a,1
5813128857,KCab-c,0
581332573,PAM01_a,1
581633934,KCab-s,0
582139830,PAM04_a,1
582148591,PAM10,1
582355376,PAM08_e,1
583175492,PAM04_a,1
5901193485,KCg-m,0
5901196925,KCg-d,0
5901197726,KCg-m,0
5901198074,KCg-m,0
5901202076,KCab-c,0
5901202102,KCg-m,0
5901205545,PAM05,1
5901205770,KCab-s,0
5901207528,KCab-c,0
5901225361,KCg-m,0
599674785,KCab-m,0
600011602,KCab-m,0
600356751,KCg-m,0
600365719,KCab-p,0
600667501,KCab-s,0
600684832,KCg-m,0
600693904,KCg-m,0
600702348,KCg-m,0
600702483,KCg-m,0
601047826,KCg-m,0
601047827,KCg-m,0
601047853,KCg-m,0
601319398,KCab-m,0
601388689,KCg-d,0
601712754,KCg-m,0
601725569,KCg-d,0
602118253,KCg-m,0
602459169,KCg-m,0
602459213,KCg-m,0
602459682,KCg-m,0
602808843,KCa'b'-ap2,0
602809029,KCg-m,0
603422422,KCab-s,0
610618198,KCa'b'-m,0
610968248,KCa'b'-m,0
611300533,KCa'b'-m,0
611304789,KCab-s,0
611305085,KCa'b'-m,0
611309194,KCab-m,0
611646050,KCab-p,0
611646132,KCab-s,0
611646147,KCab-p,0
611974080,KCa'b'-ap1,0
612323667,KCa'b'-m,0
612371421,MBON01,0
612422902,MBON25,0
612440702,PAM01_b,1
612638791,PAM04_a,1
612668833,KCab-s,0
612669205,KCab-s,0
612738462,MBON03,0
612742248,MBON25,0
613079053,MBON04,0
613398716,PAM01_b,1
613719036,MBON10,0
613835634,PAM01_b,1
613847777,PAM01_a,1
630373425,KCab-c,0
630373497,KCab-s,0
630377642,KCab-m,0
630381662,KCab-m,0
630381893,KCg-m,0
630722830,KCab-s,0
630722941,KCg-m,0
630727056,KCg-m,0
630731599,KCg-t,0
630748479,KCa'b'-ap1,0
631051012,KCab-s,0
631051057,KCg-m,0
631055506,KCg-m,0
631059587,KCab-s,0
631064055,KCg-m,0
631396256,KCg-m,0
631396453,KCab-m,0
631396532,KCg-m,0
631400190,KCg-m,0
631400288,KCg-d,0
631400598,KCg-m,0
631400622,KCg-m,0
631400693,KCg-m,0
631422121,KCg-m,0
631422224,KCg-m,0
631733127,KCg-m,0
631737164,KCg-m,0
631737380,KCg-m,0
631741308,KCg-d,0
631741483,KCg-m,0
632013356,KCab-m,0
632048075,KCg-m,0
632069728,KCg-m,0
632069757,KCg-m,0
632069851,KCg-m,0
632082635,KCg-m,0
632086737,KCg-d,0
632091116,KCg-d,0
632397510,KCg-m,0
632397750,KCg-m,0
632397780,KCg-m,0
632397786,KCg-m,0
632397798,KCg-m,0
632402333,KCg-m,0
632734572,KCg-m,0
632764978,KCg-d,0
632808044,KCg-m,0
633144545,KCg-m,0
633148704,KCg-m,0
633148716,KCg-m,0
633148859,KCg-m,0
633149039,KCg-m,0
633149202,KCg-m,0
633498748,KCg-m,0
641653381,KCa'b'-m,0
642335523,KCab-p,0
642335553,KCa'b'-m,0
642516892,PPL105,1
642664141,MBON15,0
642680823,KCab-s,0
642680826,KCab-p,0
642680853,KCab-m,0
642680881,KCab-m,0
642680969,KCab-p,0
642681035,KCab-m,0
642689607,KCab-m,0
642732835,MBON32,0
643142863,PAM01_a,1
643362770,KCab-s,0
643363111,KCab-s,0
643501489,PAM02,1
643523134,PAM05,1
643535876,PAM10,1
643703819,KCab-s,0
644417074,PAM06_b,1
644870768,PAM01_a,1
644896959,PAM09,1
645090294,PAM04_a,1
645224664,PAM01_a,1
660730340,KCab-c,0
661076014,KCab-c,0
661080007,KCa'b'-m,0
661084049,KCg-m,0
661395129,KCg-m,0
661399477,KCg-m,0
661407917,KCa'b'-m,0
661408056,KCg-m,0
661408094,KCab-m,0
661421129,KCg-m,0
661430106,KCg-m,0
661430179,KCg-m,0
661740651,KCg-m,0
661757811,KCg-m,0
661766416,KCg-m,0
662081640,KCg-m,0
662081902,KCg-m,0
662085486,KCg-m,0
662094168,KCg-m,0
662103124,KCab-c,0
662107551,KCg-m,0
662107593,KCg-m,0
662409505,KCa'b'-m,0
662409582,KCa'b'-ap2,0
662414157,KCab-c,0
662418320,KCg-m,0
662452625,KCg-m,0
662461539,KCg-m,0
662728826,KCab-m,0
662754991,KCg-m,0
662763626,KCg-m,0
662763904,KCg-m,0
662767770,KCg-m,0
662772373,KCab-m,0
662772393,KCg-m,0
662789529,KCab-s,0
662802782,KCg-m,0
662806818,KCg-m,0
663091787,KCg-m,0
663130304,KCg-d,0
663134970,KCg-m,0
663493162,KCg-m,0
663834152,KCg-m,0
664141134,KCg-m,0
664184060,KCg-m,0
664187932,KCg-m,0
664188056,KCg-m,0
664188083,KCg-m,0
664188108,KCg-m,0
664188129,KCg-m,0
664188211,KCg-m,0
664511977,KCg-d,0
672352543,MBON10,0
673029543,KCa'b'-m,0
673366098,MBON16,0
673366263,KCa'b'-ap2,0
673370525,KCa'b'-m,0
673509195,MBON01,0
673702721,MBON15,0
673715784,KCab-m,0
674056647,KCab-m,0
674056882,KCab-m,0
674393414,KCa'b'-ap2,0
674398014,KCab-m,0
674519060,PAM01_a,1
674738872,KCa'b'-ap2,0
675451588,PAM14,1
675468771,PAM13,1
675602461,PAM09,1
675763039,PAM06_a,1
676263239,PAM01_a,1
676612729,PAM04_a,1
676616719,PAM04_a,1
691760950,KCab-m,0
692093440,KCg-m,0
692110379,KCab-s,0
692119287,KCg-m,0
692430198,KCg-m,0
692434135,KCg-m,0
692792746,KCab-c,0
692810011,KCg-m,0
692818786,KCg-m,0
692818802,KCg-m,0
693099031,KCg-m,0
693099064,KCab-m,0
693099102,KCg-m,0
693116396,KCab-c,0
693133603,KCg-m,0
693159855,KCab-s,0
693448777,KCab-c,0
693453332,KCab-c,0
693500431,KCg-m,0
693500652,KCg-m,0
693785371,KCg-m,0
693785633,KCab-m,0
693837780,KCg-m,0
693841887,KCg-m,0
693841929,KCab-s,0
693846112,KCg-m,0
694524222,KCg-m,0
704409534,KCab-p,0
704409742,KCab-s,0
704466265,MBON12,0
704742082,KCa'b'-m,0
704746449,KCab-p,0
704746457,KCab-p,0
704750475,KCab-s,0
704750665,KCab-m,0
704750673,KCab-m,0
704750742,KCab-s,0
704750766,KCab-m,0
704750842,KCab-m,0
704759205,KCa'b'-ap2,0
705082892,KCa'b'-m,0
705091521,KCab-m,0
705091769,KCab-c,0
705091939,KCab-c,0
705432638,KCab-s,0
705432922,KCab-m,0
705774051,KCab-s,0
706819341,PAM13,1
707647321,PAM04_a,1
707660374,PAM04_a,1
722450065,KCg-m,0
722463321,KCg-d,0
722467632,KCg-m,0
722467714,KCg-d,0
722471778,KCg-m,0
722471825,KCg-d,0
722821616,KCg-m,0
723153828,KCg-m,0
723158245,KCg-m,0
723167312,KCg-m,0
723495119,KCg-m,0
723508068,KCa'b'-ap1,0
723508086,KCg-d,0
723508095,KCg-d,0
723508162,KCg-m,0
723848801,KCg-m,0
723849351,KCg-m,0
723853340,KCab-s,0
724134138,KCab-m,0
724142845,KCg-m,0
724522447,KCg-m,0
724531411,KCg-m,0
724867606,KCg-m,0
724867917,KCg-m,0
724876683,KCg-m,0
724885340,KCg-m,0
725174424,KCab-m,0
725200110,KCg-m,0
725217343,KCg-m,0
733036127,MBON07,0
735112319,PAM14,1
735134301,PAM08_c,1
735282133,PAM09,1
735600320,PAM06_a,1
735785459,KCab-m,0
735785541,KCab-s,0
735785583,KCab-s,0
735785639,KCab-c,0
735785741,KCab-s,0
735790008,KCab-s,0
736117977,KCa'b'-m,0
736122569,KCab-m,0
736126563,KCab-c,0
736126644,KCab-c,0
736126668,KCab-c,0
736126717,KCab-c,0
736126732,KCab-m,0
736126746,KCab-m,0
736463614,KCab-m,0
736467526,KCab-m,0
736467640,KCab-m,0
736808522,KCa'b'-ap2,0
736808904,KCab-s,0
736813212,KCab-s,0
737149820,KCa'b'-ap2,0
737149964,KCa'b'-ap1,0
737150041,KCa'b'-ap2,0
737167616,PAM02,1
737491062,KCa'b'-ap1,0
753489735,KCab-c,0
753489892,KCab-c,0
753489951,KCab-c,0
753506746,KCg-d,0
753839564,KCg-m,0
753847960,KCg-m,0
753852265,KCab-c,0
753852396,KCab-c,0
753852432,KCg-m,0
754163207,KCab-c,0
754184667,KCab-s,0
754188911,KCg-m,0
754188980,KCg-m,0
754197850,KCab-s,0
754202022,KCg-m,0
754206396,KCg-m,0
754473844,KCg-d,0
754525744,KCa'b'-ap2,0
754538763,KCab-c,0
754547386,KCg-m,0
754870859,KCg-m,0
754879354,KCab-c,0
754884149,KCg-d,0
754893183,KCa'b'-ap2,0
755173189,KCab-c,0
755177787,KCab-m,0
755229523,KCg-m,0
755234235,KCab-c,0
755544921,KCg-m,0
755851102,KCg-m,0
755868550,KCab-c,0
756196285,KCg-m,0
756196541,KCg-d,0
756567539,KCab-m,0
756585129,KCab-m,0
756601858,KCg-d,0
765457262,PAM06_a,1
766298734,PAM11,1
766820559,KCab-m,0
766838498,PAM14,1
767161652,KCab-m,0
767161677,KCab-m,0
767494105,KCab-p,0
767502579,KCab-c,0
767502627,KCab-c,0
767502639,KCab-c,0
767502657,KCab-c,0
767502667,KCab-c,0
767671354,PAM14,1
767852204,KCa'b'-m,0
768184496,KCa'b'-m,0
768184604,KCa'b'-ap2,0
768184623,KCa'b'-m,0
768525593,KCa'b'-ap1,0
768525608,KCa'b'-ap2,0
768525647,KCa'b'-ap2,0
768555687,MBON10,0
769018494,PAM13,1
769721865,KCab-c,0
770692923,PAM05,1
784204967,KCg-m,0
784533172,KCg-d,0
784541732,KCg-d,0
784541854,KCg-m,0
784844007,KCab-c,0
784844112,KCab-c,0
784882707,KCab-c,0
784895866,KCg-m,0
785189156,KCab-m,0
785198372,KCab-m,0
785232629,KCab-c,0
785232649,KCg-m,0
785525736,KCab-m,0
785573850,KCab-s,0
785888696,KCab-c,0
785914742,KCg-m,0
785918963,KCg-t,0
786221078,KCab-m,0
786260089,KCg-d,0
786929029,KCab-s,0
792368888,MBON20,0
797514653,KCab-m,0
797687628,PAM14,1
797855394,KCab-m,0
798027992,PAM06_a,1
798192091,KCab-m,0
798192115,KCab-m,0
798192162,KCab-c,0
798196366,KCab-m,0
798196389,KCab-m,0
798196454,KCab-m,0
798196461,KCab-c,0
798356481,PAM08_b,1
798528850,KCa'b'-m,0
798533259,KCab-c,0
798537392,KCab-c,0
798537456,KCab-c,0
798537538,KCab-c,0
798537580,KCab-c,0
798537638,KCab-c,0
798537701,KCab-c,0
798585556,PAM06_b,1
798693540,PAM06_a,1
798869986,KCab-s,0
798874090,KCab-s,0
799215269,KCab-p,0
799219511,KCa'b'-m,0
799219795,KCab-p,0
799362484,PAM14,1
799560834,KCa'b'-m,0
799578347,PAM13,1
799586652,MBON05,0
799901370,KCa'b'-ap1,0
799906141,KCa'b'-ap2,0
799919294,PAM14,1
800264315,PAM04_a,1
800303089,PPL108,1
800622401,PAM13,1
800743420,PAM04_a,1
815222743,KCg-d,0
815240159,KCab-m,0
815568065,KCg-d,0
815580911,KCg-m,0
815585355,KCab-c,0
815909099,KCg-m,0
815921891,KCab-c,0
815922095,KCab-s,0
815922112,KCg-m,0
815926323,KCab-c,0
815926332,KCab-m,0
815926346,KCab-c,0
815930761,KCab-s,0
816219578,KCab-c,0
816219622,KCab-c,0
816219675,KCab-c,0
816254592,KCab-c,0
816263443,KCab-c,0
816276055,KCg-m,0
816276925,KCg-m,0
816613438,KCa'b'-ap1,0
816962833,KCa'b'-ap2,0
817294806,KCa'b'-ap2,0
817299301,KCa'b'-m,0
817985849,KCab-s,0
817993932,KCab-s,0
818637585,KCab-c,0
829015629,KCab-m,0
829231385,KCab-m,0
829231457,KCab-m,0
829235909,KCab-p,0
829261936,PAM12,1
829379400,PAM14,1
829568160,KCab-c,0
829572252,KCab-c,0
829572451,KCab-c,0
829572544,KCab-c,0
830276571,PAM05,1
830586919,KCa'b'-ap2,0
831273286,KCa'b'-ap1,0
834044577,PAM06_b,1
846270628,KCab-c,0
846602958,KCg-d,0
846611449,KCab-c,0
846611908,KCab-c,0
846616006,KCab-c,0
846616159,KCab-m,0
846620223,KCab-s,0
846620287,KCab-m,0
846952407,KCab-m,0
846952683,KCab-m,0
847250148,KCab-c,0
847254513,KCab-c,0
847254536,KCab-m,0
847254566,KCab-c,0
847254581,KCab-m,0
847293869,KCab-s,0
847297956,KCg-m,0
847297982,KCab-m,0
847302850,KCg-m,0
847595624,KCab-c,0
847989021,KCab-m,0
848287126,KCab-c,0
848316930,KCab-c,0
848321392,KCab-c,0
848330091,KCab-s,0
848662421,KCab-c,0
848662441,KCab-c,0
848666776,KCab-m,0
848692583,KCg-m,0
849370246,KCab-s,0
849370258,KCab-s,0
849685478,KCab-m,0
849707224,KCab-s,0
858725815,PAM03,1
859265651,PPL107,1
859765252,PAM06_a,1
859925004,KCab-m,0
860257495,KCab-m,0
860261985,KCab-c,0
860265987,KCab-m,0
860266014,KCab-m,0
860266062,KCab-m,0
860266123,KCab-c,0
860266309,KCab-m,0
860266346,KCab-c,0
860266377,KCab-c,0
860266404,KCab-c,0
860603005,KCab-c,0
860607168,KCab-c,0
860607367,KCab-c,0
860607450,KCab-c,0
860607455,KCab-c,0
860607480,KCab-c,0
860607503,KCab-c,0
860944055,KCab-c,0
860983686,PAM06_a,1
861280857,KCab-p,0
861285145,KCab-p,0
861630613,KCa'b'-m,0
861634934,KCa'b'-m,0
861665641,MBON12,0
862312670,KCa'b'-ap1,0
862705904,PAM12,1
863711565,PAM12,1
877313996,KCab-c,0
877318574,KCab-m,0
877659583,KCab-m,0
877659673,KCab-m,0
877974490,KCab-c,0
877982991,KCab-c,0
877987539,KCab-c,0
877987901,KCab-m,0
877992236,KCab-m,0
877992303,KCab-m,0
878324222,KCab-c,0
878324438,KCab-m,0
878333234,KCab-c,0
878333333,KCab-m,0
878337317,KCab-m,0
878652627,KCa'b'-m,0
878670047,KCab-m,0
879032295,KCab-m,0
880055173,KCab-s,0
880383629,KCg-m,0
880404940,KCab-m,0
880409455,KCab-s,0
881057369,KCg-m,0
890118683,PAM14,1
891301236,KCab-m,0
891301315,KCab-m,0
891629070,KCab-s,0
891637860,KCab-c,0
891642176,KCab-c,0
891642215,KCab-c,0
891642281,KCab-c,0
891642345,KCab-c,0
891978843,KCab-c,0
893149866,PAM12,1
893158121,PAM04_a,1
893347461,KCa'b'-ap2,0
893688605,KCa'b'-ap1,0
893710296,PAM14,1
893805187,PAM08_e,1
894020730,MBON31,0
895441451,MBON26,0
908340253,KCab-m,0
908353540,KCab-m,0
908668522,KCab-m,0
908668556,KCab-m,0
908685688,KCab-m,0
908685859,KCab-m,0
908689934,KCab-m,0
908690107,KCab-m,0
908699052,KCab-m,0
909026561,KCab-m,0
909026992,KCab-m,0
909368173,KCab-m,0
909372586,KCab-m,0
909372602,KCab-m,0
909704857,KCab-c,0
909717461,KCg-d,0
909730907,KCab-s,0
909730911,KCab-m,0
910063154,KCab-m,0
910063307,KCab-s,0
910386568,KCab-c,0
910404284,KCab-m,0
910412830,KCab-m,0
911094343,KCab-m,0
911400981,KCab-c,0
911755444,KCg-m,0
911759695,KCg-m,0
922677093,KCab-c,0
922677121,KCab-c,0
923013923,KCab-c,0
923018247,KCab-c,0
923018290,KCab-m,0
923027316,PAM14,1
923359312,KCab-s,0
923385340,PAM05,1
923700162,KCa'b'-m,0
923726321,PAM04_a,1
923869685,PAM06_a,1
924429714,PAM08_b,1
924723528,KCa'b'-ap1,0
925799233,PAM01_b,1
939030036,KCab-m,0
939729237,KCab-s,0
939729706,KCab-c,0
939733452,KCab-s,0
939733918,KCa'b'-m,0
939734122,KCab-s,0
939734266,KCab-m,0
939738364,KCab-m,0
939738376,KCab-s,0
939738399,KCab-m,0
939738424,KCab-c,0
939738473,KCab-c,0
939738477,KCab-m,0
939742503,KCab-c,0
939742609,KCab-c,0
940070913,KCab-m,0
940075056,KCab-p,0
940075464,KCab-m,0
940079170,KCab-s,0
940079253,KCab-m,0
940079513,KCab-m,0
940079568,KCab-m,0
940079657,KCab-m,0
940079771,KCab-m,0
940083749,KCab-c,0
940084011,KCab-m,0
940084060,KCab-m,0
940084095,KCab-c,0
940084152,KCab-c,0
940087822,KCab-c,0
940420292,KCa'b'-m,0
940425106,KCab-m,0
940425171,KCab-s,0
940425232,KCab-m,0
940748411,KCab-m,0
940752707,KCab-m,0
940761352,KCab-c,0
941102504,KCab-m,0
941111195,KCab-m,0
943118619,KCg-d,0
953029783,KCab-s,0
953712141,KCab-m,0
954053018,KCab-c,0
954053251,KCab-c,0
954053261,KCab-m,0
954222134,PAM14,1
954528474,PAM08_c,1
954730964,KCab-s,0
955464899,PAM12,1
955591114,PAM14,1
956138930,PAM08_a,1
970772961,KCab-c,0
970777114,KCab-c,0
970777224,KCab-c,0
971113967,KCab-c,0
971118202,KCab-m,0
971118588,KCab-c,0
971118724,KCab-c,0
971459227,KCab-m,0
972080542,KCab-c,0
972128731,KCg-m,0
973146958,KCg-m,0
973151229,KCg-m,0
973488234,KCg-m,0
973816592,KCg-d,0
974843892,KCg-d,0
975518615,KCg-d,0
983759126,PAM12,1
984405805,KCab-m,0
984746802,KCab-m,0
985131499,MBON22,0
985429128,KCab-m,0
985813153,MBON21,0
986793149,KCa'b'-ap2,0
986828383,PAM13,1
987997896,PAM13,1
988852391,PAM08_a,1
